borrower_id,ghana_card,tin,hashed_mobile,full_name,borrower_type,date_of_birth,registration_date
1,GHA-1000001A,,d173f7cf04db802661e8bc37439ed4eca01a9bf288157ca5f29f7f310907b6a6,Kwame Mensah,individual,1985-03-12,2026-05-02
2,GHA-1000002B,,dba5f290c7639569fd247a3769c6c1f7c23b782dda54fa6ab40121a65e3abff5,Ama Serwaa,individual,1990-07-22,2026-05-02
3,GHA-1000003C,,ea9a1714adef55ad5d55acf07111f6b5c8b65c0672a32387e93ca06efd5e4a3f,Yaw Asante,individual,1978-11-05,2026-05-02
4,GHA-1000004D,,1b0ac0bc4c229114c69a87f9526fa048035018daeac39d9fb42486942851447a,Esi Nyarko,individual,1982-09-18,2026-05-02
5,GHA-1000005E,,8a82bb654f739f06aeb747ecb532764579ac8886b85146d20415ba8effdc7bb5,Kofi Addo,individual,1995-12-30,2026-05-02
6,GHA-1000006F,,a88c836eff4ef61eb1fef9da31419e761edb2a8a7821d8d57f038064ed1702aa,Adwoa Ofori,individual,1988-06-14,2026-05-02
7,GHA-1000007G,,28456167d4aa807497c7cf60994f9969f678359a3567c198ac831caf3d5877e7,Patrick Amoah,individual,1973-04-25,2026-05-02
8,GHA-1000008H,,79e1f26666582688cf45a4a4eb39a09a03ed08db27a0dff21f01a5dcc37f3831,Mabel Owusu,individual,1992-10-07,2026-05-02
9,GHA-1000009I,,4a6f244881196357ec0e4961e9e0e842f7cd8062e90ae992b107ca7fa92316b6,Richard Boateng,individual,1980-08-19,2026-05-02
10,GHA-1000010J,,a216de5f6820fa41eb7f534f5821ee59905366999aad41d453f8725b52b0585c,Elizabeth Tetteh,individual,1998-02-28,2026-05-02
11,GHA-1000011K,,b7b4b160d951415f7589a31a9ab877a9ed2cfe19095c6b22289860be8a4d4c2b,Michael Nkrumah,individual,1983-05-16,2026-05-02
12,GHA-1000012L,,0ab56ce0807bc59896ad8f8c01cb1563de3fbb85128834c968294596a34800d2,Grace Mensah,individual,1991-09-09,2026-05-02
13,GHA-1000013M,,c692369fd277805054442c37a2cd575bf68db0e961f2f86fac67631f45c99028,Solomon Agyeman,individual,1976-12-03,2026-05-02
14,GHA-1000014N,,6d9d3ee7eb6fa4966ed78143580830caa88ed40cc64eac4022886a52d7d51ce5,Janet Amankwah,individual,1987-07-21,2026-05-02
15,GHA-1000015O,,fe32ba6d69b6d77061f0e8df6e900da980da12ed6b9a37ea98cefcb1fcd06384,Daniel Asare,individual,1994-01-17,2026-05-02
16,GHA-1000016P,,dbfb4c3b86836b9e80d6ebcbbc64e20b01f7ed2506c3e24bd6cecd52bc12f8a7,Rebecca Duah,individual,1989-03-25,2026-05-02
17,GHA-1000017Q,,c25555ecf92e33cd8e2f6df25dd0e2e3f6b5c0970916467c3b0cd708deb25df2,Joseph Nyame,individual,1972-08-09,2026-05-02
18,GHA-1000018R,,adada68e85a68811c41ff09d044f3a2299d8b15bf308a8b41ce8a958ccacbf4e,Cynthia Aidoo,individual,1993-05-30,2026-05-02
19,GHA-1000019S,,1a1b77d804b75acd9c9ea92d03853491cee888b7294afec52256c8257a2629cf,Eric Djan,individual,1986-11-11,2026-05-02
20,GHA-1000020T,,04ef59c94224ed42fa7642ab4c6e007d76f322df9a7d7a1030eb9d252e70b42b,Juliana Aboagye,individual,1997-04-04,2026-05-02
21,GHA-1000021U,,cd04f8964617bb80cb05d9e7f1ce690ed94294c3d625aea82d32032cbeb26a6e,Isaac Osei,individual,1981-06-23,2026-05-02
22,GHA-1000022V,,b4116ae3423294bd6386ddca1524097eab8827d7c6b3758f87ff29dd4df6790f,Veronica Agyapong,individual,1990-10-12,2026-05-02
23,GHA-1000023W,,8f20ce23b0bed28a8849722f9c1404d909e02afcb5ba16f0f59fc321ce6d7af5,Emmanuel Adjei,individual,1979-02-14,2026-05-02
24,GHA-1000024X,,39848b6f0155972cc26726c4eb03825517e136222f83f3240c93294b2bc14ceb,Patricia Boadi,individual,1996-08-01,2026-05-02
25,GHA-1000025Y,,2b04aaad7b2cc4f93fdf980f7d1ad6bfa629c015c41d091dc5130ca6a764523b,Benjamin Turkson,individual,1984-12-29,2026-05-02
26,GHA-1000026Z,,af9184fbd8d1583203a5edac594eaa5e11af61d781c6d96128db0ef3de194bd5,Theresa Boateng,individual,1992-07-13,2026-05-02
27,GHA-1000027A1,,46504371cccb710d039366bc25a501d5691d536e5abe40377987358013357ae4,Francis Coleman,individual,1975-09-27,2026-05-02
28,GHA-1000028B1,,db4ec3d9746c20211f40a1e2ac3a8649b28c241a0d7282bd4d9ca944135e947c,Helena Asiedu,individual,1988-01-19,2026-05-02
29,GHA-1000029C1,,34ad1eafc8d6c66c5f4eaea7e4db562bb4ac4c9b9d765aef979020e25c89df8c,Charles Obeng,individual,1999-11-02,2026-05-02
30,GHA-1000030D1,,a3a74218f0452cce394f56aefedf16dc527e66cfb11d448e9d085a4660b83dbc,Stella Afari,individual,1983-04-17,2026-05-02
31,GHA-1000031E1,,0b22d060f3ee471e44d30acdaabfea2b61041f087d5a782912bd8d13d183be4b,Albert Nkansah,individual,1987-10-08,2026-05-02
32,GHA-1000032F1,,4dc998ac644c1ee085f9eb7a2599f668acb706e9f9ebdacb82aa7c90b3b38057,Mary Gyamfi,individual,1994-03-21,2026-05-02
33,GHA-1000033G1,,1c857ebbd8b42217b36b4ea2585209f9028ef108bfd7853fd2eb22204d523a42,Frederick Oduro,individual,1970-12-18,2026-05-02
34,GHA-1000034H1,,c6619372c3bc0e4eae940e044e5294edf716cc8e814eeb0c97e42f299056b54d,Beatrice Lartey,individual,1991-05-07,2026-05-02
35,GHA-1000035I1,,e92990f5995e627ddf4b823cf51395c9ef73fe4a1956dcf0b87646a3be08ceb6,Dominic Tawiah,individual,1985-09-30,2026-05-02
36,GHA-1000036J1,,b8ce43d55e9051df85c881812752e6d7fe2d92c06572fa9640801ce6d5f81e32,Regina Antwi,individual,1993-06-25,2026-05-02
37,GHA-1000037K1,,4a83c727768f5fa3af4bc57f192e0782c92b04aa046e5b0f4bfcebfb8ad0d1f4,Bright Agyare,individual,1980-02-05,2026-05-02
38,GHA-1000038L1,,e5e7af36f19e10c9dc0bffd98800a797dc0887ef16f3dd220ac4a8a6f008e118,Angelina Asomani,individual,1996-10-16,2026-05-02
39,GHA-1000039M1,,07bb62297dec29f54320df0e29ea28c1d7648f0b27557c2ab192ae70feded1d7,Vincent Amponsah,individual,1989-08-29,2026-05-02
40,GHA-1000040N1,,d12b2f87894b9735461bf9f6b1e89c487b2a540e53eb00a1a98f486ccc269622,Monica Tetteh,individual,1995-02-11,2026-05-02
41,,TIN-001-234,97bcbbda7c8ea93bd7573d129e4c20b1099187075b669e79de004fd59e6867c3,Kojo Enterprise,business,,2026-05-02
42,,TIN-002-345,b86b501f6e9cf7a62974fe3ae5719029886310d0f9b3d3f6622adf0625bbc650,Serwaa Ventures,business,,2026-05-02
43,,TIN-003-456,a3b006d65a443aeb40144c56b19994ea9b573aed137368e70de672845eaa0a22,Addo Motors,business,,2026-05-02
44,,TIN-004-567,d11aa96808e753ada2843624fe78a7e386746e805573c48fbf0c7d95b9464615,Nyarko Farms,business,,2026-05-02
45,,TIN-005-678,0d3e6e2b82f4b21d2b539b8983cc7d7b28f21b2caa2f525e1467053cdb6c4006,Ofori Trading,business,,2026-05-02
46,,TIN-006-789,2e61f8355303065ec97f8c5b5b46a979665b5d7b66e58870026b717041d395d0,Mensah Logistics,business,,2026-05-02
47,,TIN-007-890,056dfd624ebc56eb59a1206b7ea9bae4522b63ad82d334790a0710ccd3190ceb,Asare Constructions,business,,2026-05-02
48,,TIN-008-901,2bf9ce514cc070d4df05b8db7817810621ae89a268a1f7db0e8d5fd39a22a6e6,Amoah Electronics,business,,2026-05-02
49,,TIN-009-012,6b05f045bd531d3e5d8b730d8d88053bde90d3eb5cf0d7ce8e4d5db6ed022ace,Boateng Textiles,business,,2026-05-02
50,,TIN-010-123,19c534d7f297cde7cc2806b40800e13f1a4faf1aa452fc6186f0c154922adbaa,Duah Pharmaceuticals,business,,2026-05-02
